[{"dniUsuario":77777777,"idOtorgante":58,"idTipoCredito":6},{"dniUsuario":44444444,"idOtorgante":14,"idTipoCredito":2},{"dniUsuario":55555555,"idOtorgante":71,"idTipoCredito":4},{"dniUsuario":33333333,"idOtorgante":57,"idTipoCredito":2},{"dniUsuario":11111111,"idOtorgante":48,"idTipoCredito":5},{"dniUsuario":44444444,"idOtorgante":40,"idTipoCredito":2},{"dniUsuario":55555555,"idOtorgante":20,"idTipoCredito":1},{"dniUsuario":66666666,"idOtorgante":73,"idTipoCredito":4},{"dniUsuario":0,"idOtorgante":21,"idTipoCredito":1},{"dniUsuario":11111111,"idOtorgante":21,"idTipoCredito":2},{"dniUsuario":33333333,"idOtorgante":51,"idTipoCredito":3},{"dniUsuario":44444444,"idOtorgante":58,"idTipoCredito":6},{"dniUsuario":88888888,"idOtorgante":52,"idTipoCredito":0},{"dniUsuario":66666666,"idOtorgante":60,"idTipoCredito":1},{"dniUsuario":0,"idOtorgante":14,"idTipoCredito":1},{"dniUsuario":22222222,"idOtorgante":40,"idTipoCredito":3},{"dniUsuario":55555555,"idOtorgante":6,"idTipoCredito":0},{"dniUsuario":99999999,"idOtorgante":59,"idTipoCredito":5},{"dniUsuario":11111111,"idOtorgante":67,"idTipoCredito":6},{"dniUsuario":0,"idOtorgante":58,"idTipoCredito":6},{"dniUsuario":55555555,"idOtorgante":28,"idTipoCredito":0},{"dniUsuario":99999999,"idOtorgante":29,"idTipoCredito":0},{"dniUsuario":11111111,"idOtorgante":0,"idTipoCredito":5},{"dniUsuario":99999999,"idOtorgante":45,"idTipoCredito":6},{"dniUsuario":22222222,"idOtorgante":60,"idTipoCredito":2},{"dniUsuario":88888888,"idOtorgante":18,"idTipoCredito":6},{"dniUsuario":88888888,"idOtorgante":0,"idTipoCredito":6},{"dniUsuario":33333333,"idOtorgante":63,"idTipoCredito":4},{"dniUsuario":22222222,"idOtorgante":47,"idTipoCredito":6},{"dniUsuario":44444444,"idOtorgante":10,"idTipoCredito":6},{"dniUsuario":77777777,"idOtorgante":2,"idTipoCredito":3},{"dniUsuario":88888888,"idOtorgante":12,"idTipoCredito":5},{"dniUsuario":22222222,"idOtorgante":58,"idTipoCredito":6},{"dniUsuario":77777777,"idOtorgante":74,"idTipoCredito":0},{"dniUsuario":33333333,"idOtorgante":71,"idTipoCredito":4},{"dniUsuario":77777777,"idOtorgante":55,"idTipoCredito":5},{"dniUsuario":44444444,"idOtorgante":47,"idTipoCredito":2},{"dniUsuario":77777777,"idOtorgante":75,"idTipoCredito":5},{"dniUsuario":88888888,"idOtorgante":74,"idTipoCredito":4},{"dniUsuario":66666666,"idOtorgante":20,"idTipoCredito":4},{"dniUsuario":55555555,"idOtorgante":18,"idTipoCredito":3},{"dniUsuario":44444444,"idOtorgante":68,"idTipoCredito":5},{"dniUsuario":11111111,"idOtorgante":81,"idTipoCredito":5},{"dniUsuario":33333333,"idOtorgante":43,"idTipoCredito":6},{"dniUsuario":11111111,"idOtorgante":70,"idTipoCredito":0},{"dniUsuario":22222222,"idOtorgante":31,"idTipoCredito":0},{"dniUsuario":66666666,"idOtorgante":63,"idTipoCredito":3},{"dniUsuario":77777777,"idOtorgante":47,"idTipoCredito":6},{"dniUsuario":22222222,"idOtorgante":58,"idTipoCredito":4},{"dniUsuario":33333333,"idOtorgante":63,"idTipoCredito":1},{"dniUsuario":88888888,"idOtorgante":26,"idTipoCredito":4},{"dniUsuario":99999999,"idOtorgante":25,"idTipoCredito":1},{"dniUsuario":22222222,"idOtorgante":4,"idTipoCredito":3},{"dniUsuario":44444444,"idOtorgante":47,"idTipoCredito":3},{"dniUsuario":44444444,"idOtorgante":48,"idTipoCredito":0},{"dniUsuario":99999999,"idOtorgante":31,"idTipoCredito":2},{"dniUsuario":66666666,"idOtorgante":8,"idTipoCredito":2},{"dniUsuario":99999999,"idOtorgante":53,"idTipoCredito":5},{"dniUsuario":33333333,"idOtorgante":6,"idTipoCredito":1},{"dniUsuario":44444444,"idOtorgante":73,"idTipoCredito":1},{"dniUsuario":11111111,"idOtorgante":69,"idTipoCredito":5},{"dniUsuario":44444444,"idOtorgante":31,"idTipoCredito":2},{"dniUsuario":44444444,"idOtorgante":42,"idTipoCredito":5},{"dniUsuario":44444444,"idOtorgante":63,"idTipoCredito":2},{"dniUsuario":33333333,"idOtorgante":50,"idTipoCredito":3},{"dniUsuario":22222222,"idOtorgante":39,"idTipoCredito":5},{"dniUsuario":77777777,"idOtorgante":60,"idTipoCredito":6},{"dniUsuario":22222222,"idOtorgante":75,"idTipoCredito":1},{"dniUsuario":11111111,"idOtorgante":35,"idTipoCredito":1},{"dniUsuario":66666666,"idOtorgante":10,"idTipoCredito":2},{"dniUsuario":77777777,"idOtorgante":40,"idTipoCredito":0},{"dniUsuario":22222222,"idOtorgante":22,"idTipoCredito":0},{"dniUsuario":0,"idOtorgante":17,"idTipoCredito":4},{"dniUsuario":66666666,"idOtorgante":16,"idTipoCredito":3},{"dniUsuario":22222222,"idOtorgante":15,"idTipoCredito":1},{"dniUsuario":66666666,"idOtorgante":64,"idTipoCredito":0},{"dniUsuario":55555555,"idOtorgante":55,"idTipoCredito":1},{"dniUsuario":44444444,"idOtorgante":5,"idTipoCredito":3},{"dniUsuario":11111111,"idOtorgante":67,"idTipoCredito":4},{"dniUsuario":33333333,"idOtorgante":30,"idTipoCredito":3},{"dniUsuario":77777777,"idOtorgante":57,"idTipoCredito":2},{"dniUsuario":22222222,"idOtorgante":32,"idTipoCredito":5},{"dniUsuario":88888888,"idOtorgante":64,"idTipoCredito":0},{"dniUsuario":11111111,"idOtorgante":61,"idTipoCredito":3},{"dniUsuario":88888888,"idOtorgante":11,"idTipoCredito":3},{"dniUsuario":55555555,"idOtorgante":7,"idTipoCredito":6},{"dniUsuario":0,"idOtorgante":81,"idTipoCredito":6},{"dniUsuario":99999999,"idOtorgante":12,"idTipoCredito":1},{"dniUsuario":88888888,"idOtorgante":39,"idTipoCredito":6},{"dniUsuario":66666666,"idOtorgante":73,"idTipoCredito":4},{"dniUsuario":33333333,"idOtorgante":18,"idTipoCredito":1},{"dniUsuario":66666666,"idOtorgante":33,"idTipoCredito":3},{"dniUsuario":33333333,"idOtorgante":37,"idTipoCredito":0},{"dniUsuario":44444444,"idOtorgante":76,"idTipoCredito":1},{"dniUsuario":77777777,"idOtorgante":37,"idTipoCredito":6},{"dniUsuario":44444444,"idOtorgante":44,"idTipoCredito":5},{"dniUsuario":11111111,"idOtorgante":66,"idTipoCredito":5},{"dniUsuario":0,"idOtorgante":46,"idTipoCredito":4},{"dniUsuario":88888888,"idOtorgante":64,"idTipoCredito":0},{"dniUsuario":22222222,"idOtorgante":31,"idTipoCredito":3}]