[{"id":1,"nombre":"AFIP","imagen":"https://dummyimage.com/300x300/9675cd/522da8.png&text=AFIP","descripcion":"AFIP Seti DJ","telefono":"800-123-9432","otorgaTarjeta":false,"showOnCarousel":false},{"id":2,"nombre":"AMERICA","imagen":"https://dummyimage.com/300x300/9675cd/522da8.png&text=AMERICA","descripcion":"BANK OF AMERICA NATIONAL ASSOCIATION","telefono":"800-123-8824","otorgaTarjeta":false,"showOnCarousel":false},{"id":3,"nombre":"BACS","imagen":"https://dummyimage.com/300x300/9675cd/522da8.png&text=BACS","descripcion":"BACS BANCO DE CREDITO Y SECURITIZACION S.A.","telefono":"800-123-3657","otorgaTarjeta":false,"showOnCarousel":false},{"id":4,"nombre":"BBVA","imagen":"https://dummyimage.com/300x300/9675cd/522da8.png&text=BBVA","descripcion":"BANCO BBVA ARGENTINA S.A.","telefono":"800-123-7476","otorgaTarjeta":true,"showOnCarousel":false},{"id":5,"nombre":"BICA","imagen":"https://dummyimage.com/300x300/9675cd/522da8.png&text=BICA","descripcion":"BANCO BICA S.A.","telefono":"800-123-6784","otorgaTarjeta":true,"showOnCarousel":false},{"id":6,"nombre":"BRADESCO","imagen":"https://dummyimage.com/300x300/9675cd/522da8.png&text=BRADESCO","descripcion":"BANCO BRADESCO ARGENTINA SA","telefono":"800-123-7785","otorgaTarjeta":true,"showOnCarousel":false},{"id":7,"nombre":"BRUBANK","imagen":"https://dummyimage.com/300x300/9675cd/522da8.png&text=BRUBANK","descripcion":"BRUBANK S.A.U.","telefono":"800-123-6752","otorgaTarjeta":true,"showOnCarousel":false},{"id":8,"nombre":"PROVINCIA","imagen":"https://dummyimage.com/300x300/9675cd/522da8.png&text=BUENOS AIRES","descripcion":"BANCO DE LA PROVINCIA DE BUENOS AIRES","telefono":"800-123-9081","otorgaTarjeta":true,"showOnCarousel":false},{"id":9,"nombre":"CENTRAL","imagen":"https://dummyimage.com/300x300/9675cd/522da8.png&text=CENTRAL","descripcion":"CENTRAL DE LA REPUBLICA ARGENTINA","telefono":"800-123-7331","otorgaTarjeta":false,"showOnCarousel":false},{"id":10,"nombre":"CETELEM","imagen":"https://dummyimage.com/300x300/9675cd/522da8.png&text=CETELEM","descripcion":"BANCO CETELEM ARGENTINA S.A.","telefono":"800-123-3802","otorgaTarjeta":false,"showOnCarousel":false},{"id":11,"nombre":"CHACO","imagen":"https://dummyimage.com/300x300/9675cd/522da8.png&text=CHACO","descripcion":"NUEVO BANCO DEL CHACO S.A.","telefono":"800-123-7524","otorgaTarjeta":true,"showOnCarousel":false},{"id":12,"nombre":"CHINA","imagen":"https://dummyimage.com/300x300/9675cd/522da8.png&text=CHINA","descripcion":"BANK OF CHINA LIMITED, SUCURSAL BUENOS AIRES","telefono":"800-123-2227","otorgaTarjeta":false,"showOnCarousel":false},{"id":13,"nombre":"CHUBUT","imagen":"https://dummyimage.com/300x300/9675cd/522da8.png&text=CHUBUT","descripcion":"BANCO DEL CHUBUT S.A.","telefono":"800-123-7186","otorgaTarjeta":true,"showOnCarousel":false},{"id":14,"nombre":"CIENCIAS ECONOMICAS","imagen":"https://dummyimage.com/300x300/9675cd/522da8.png&text=CIENCIAS ECONOMICAS","descripcion":"CONSEJO PROFESIONAL DE CIENCIAS ECONOMICAS DE CABA","telefono":"800-123-8062","otorgaTarjeta":false,"showOnCarousel":false},{"id":15,"nombre":"CITIBANK","imagen":"https://dummyimage.com/300x300/9675cd/522da8.png&text=CITIBANK","descripcion":"CITIBANK N.A.","telefono":"800-123-4275","otorgaTarjeta":true,"showOnCarousel":false},{"id":16,"nombre":"CIUDAD","imagen":"https://dummyimage.com/300x300/9675cd/522da8.png&text=CIUDAD","descripcion":"BANCO DE LA CIUDAD DE BUENOS AIRES","telefono":"800-123-4070","otorgaTarjeta":true,"showOnCarousel":false},{"id":17,"nombre":"CMF","imagen":"https://dummyimage.com/300x300/9675cd/522da8.png&text=CMF","descripcion":"BANCO CMF S.A.","telefono":"800-123-4791","otorgaTarjeta":false,"showOnCarousel":false},{"id":18,"nombre":"COINAG","imagen":"https://dummyimage.com/300x300/9675cd/522da8.png&text=COINAG","descripcion":"BANCO COINAG S.A.","telefono":"800-123-6748","otorgaTarjeta":false,"showOnCarousel":false},{"id":19,"nombre":"COLUMBIA","imagen":"https://dummyimage.com/300x300/9675cd/522da8.png&text=COLUMBIA","descripcion":"BANCO COLUMBIA S.A.","telefono":"800-123-5801","otorgaTarjeta":true,"showOnCarousel":false},{"id":20,"nombre":"COMAFI","imagen":"https://dummyimage.com/300x300/9675cd/522da8.png&text=COMAFI","descripcion":"BANCO COMAFI S.A.","telefono":"800-123-9043","otorgaTarjeta":true,"showOnCarousel":false},{"id":21,"nombre":"COMERCIO","imagen":"https://dummyimage.com/300x300/9675cd/522da8.png&text=COMERCIO","descripcion":"BANCO DE COMERCIO S.A.","telefono":"800-123-6839","otorgaTarjeta":false,"showOnCarousel":false},{"id":22,"nombre":"CORDIAL","imagen":"https://dummyimage.com/300x300/9675cd/522da8.png&text=CORDIAL","descripcion":"CORDIAL COMPAÑIA FINANCIERA S.A.","telefono":"800-123-7757","otorgaTarjeta":false,"showOnCarousel":false},{"id":23,"nombre":"CORDOBA","imagen":"https://dummyimage.com/300x300/9675cd/522da8.png&text=CORDOBA","descripcion":"BANCO DE LA PROVINCIA DE CORDOBA S.A.","telefono":"800-123-8895","otorgaTarjeta":true,"showOnCarousel":false},{"id":24,"nombre":"CORRIENTES","imagen":"https://dummyimage.com/300x300/9675cd/522da8.png&text=CORRIENTES","descripcion":"BANCO DE CORRIENTES S.A.","telefono":"800-123-9298","otorgaTarjeta":true,"showOnCarousel":false},{"id":25,"nombre":"CREDICOOP","imagen":"https://dummyimage.com/300x300/9675cd/522da8.png&text=CREDICOOP","descripcion":"BANCO CREDICOOP COOPERATIVO LIMITADO","telefono":"800-123-4021","otorgaTarjeta":true,"showOnCarousel":true},{"id":26,"nombre":"CREDITO REGIONAL","imagen":"https://dummyimage.com/300x300/9675cd/522da8.png&text=CREDITO REGIONAL","descripcion":"CREDITO REGIONAL COMPAÑIA FINANCIERA S.A.","telefono":"800-123-6679","otorgaTarjeta":false,"showOnCarousel":false},{"id":27,"nombre":"DEL SOL","imagen":"https://dummyimage.com/300x300/9675cd/522da8.png&text=DEL SOL","descripcion":"BANCO DEL SOL S.A.","telefono":"800-123-2610","otorgaTarjeta":false,"showOnCarousel":false},{"id":28,"nombre":"DINO","imagen":"https://dummyimage.com/300x300/9675cd/522da8.png&text=DINO","descripcion":"BANCO DINO S.A.","telefono":"800-123-8867","otorgaTarjeta":true,"showOnCarousel":false},{"id":29,"nombre":"ENTRE RIOS","imagen":"https://dummyimage.com/300x300/9675cd/522da8.png&text=ENTRE RIOS","descripcion":"NUEVO BANCO DE ENTRE RIOS S.A.","telefono":"800-123-7128","otorgaTarjeta":false,"showOnCarousel":false},{"id":30,"nombre":"FCA","imagen":"https://dummyimage.com/300x300/9675cd/522da8.png&text=FCA","descripcion":"FCA Compañía Financiera S.A.","telefono":"800-123-8547","otorgaTarjeta":false,"showOnCarousel":false},{"id":31,"nombre":"FINANCIERA","imagen":"https://dummyimage.com/300x300/9675cd/522da8.png&text=FINANCIERA","descripcion":"COMPAÑIA FINANCIERA ARGENTINA S.A.","telefono":"800-123-7806","otorgaTarjeta":false,"showOnCarousel":false},{"id":32,"nombre":"FORD","imagen":"https://dummyimage.com/300x300/9675cd/522da8.png&text=FORD","descripcion":"FORD CREDIT CIA. FINAN. S.A.","telefono":"800-123-8194","otorgaTarjeta":false,"showOnCarousel":false},{"id":33,"nombre":"FORMOSA","imagen":"https://dummyimage.com/300x300/9675cd/522da8.png&text=FORMOSA","descripcion":"BANCO DE FORMOSA S.A.","telefono":"800-123-1970","otorgaTarjeta":true,"showOnCarousel":false},{"id":34,"nombre":"GALICIA","imagen":"https://dummyimage.com/300x300/9675cd/522da8.png&text=GALICIA","descripcion":"BANCO DE GALICIA Y BUENOS AIRES S.A.U.","telefono":"800-123-5954","otorgaTarjeta":true,"showOnCarousel":false},{"id":35,"nombre":"GPAT","imagen":"https://dummyimage.com/300x300/9675cd/522da8.png&text=GPAT","descripcion":"GPAT COMPAÑIA FINANCIERA S.A.","telefono":"800-123-5907","otorgaTarjeta":false,"showOnCarousel":false},{"id":36,"nombre":"HIPOTECARIO","imagen":"https://dummyimage.com/300x300/9675cd/522da8.png&text=HIPOTECARIO","descripcion":"BANCO HIPOTECARIO SA","telefono":"800-123-6348","otorgaTarjeta":false,"showOnCarousel":false},{"id":37,"nombre":"HSBC","imagen":"https://dummyimage.com/300x300/9675cd/522da8.png&text=HSBC","descripcion":"HSBC BANK ARGENTINA S.A.","telefono":"800-123-1275","otorgaTarjeta":true,"showOnCarousel":true},{"id":38,"nombre":"ICBC","imagen":"https://dummyimage.com/300x300/9675cd/522da8.png&text=ICBC","descripcion":"INDUSTRIAL AND COMMERCIAL BANK OF CHINA (ARGENTINA) S.A.","telefono":"800-123-2070","otorgaTarjeta":true,"showOnCarousel":false},{"id":39,"nombre":"INDUSTRIAL","imagen":"https://dummyimage.com/300x300/9675cd/522da8.png&text=INDUSTRIAL","descripcion":"BANCO INDUSTRIAL S.A.","telefono":"800-123-7586","otorgaTarjeta":true,"showOnCarousel":true},{"id":40,"nombre":"INTERFINANZAS","imagen":"https://dummyimage.com/300x300/9675cd/522da8.png&text=INTERFINANZAS","descripcion":"BANCO INTERFINANZAS S.A.","telefono":"800-123-5554","otorgaTarjeta":false,"showOnCarousel":false},{"id":41,"nombre":"INVERSIÓN Y COMERCIO EXTERIOR","imagen":"https://dummyimage.com/300x300/9675cd/522da8.png&text=INVERSIÓN Y COMERCIO EXTERIOR","descripcion":"BANCO DE INVERSION Y COMERCIO EXTERIOR S.A.","telefono":"800-123-1778","otorgaTarjeta":false,"showOnCarousel":false},{"id":42,"nombre":"ITAU","imagen":"https://dummyimage.com/300x300/9675cd/522da8.png&text=ITAU","descripcion":"BANCO ITAU ARGENTINA S.A.","telefono":"800-123-9024","otorgaTarjeta":true,"showOnCarousel":false},{"id":43,"nombre":"JOHN DEERE","imagen":"https://dummyimage.com/300x300/9675cd/522da8.png&text=JOHN DEERE","descripcion":"JOHN DEERE CREDIT CIA. FINAN. S.A.","telefono":"800-123-7325","otorgaTarjeta":false,"showOnCarousel":false},{"id":44,"nombre":"JULIO","imagen":"https://dummyimage.com/300x300/9675cd/522da8.png&text=JULIO","descripcion":"BANCO JULIO S.A.","telefono":"800-123-2776","otorgaTarjeta":false,"showOnCarousel":false},{"id":45,"nombre":"LA PAMPA","imagen":"https://dummyimage.com/300x300/9675cd/522da8.png&text=LA PAMPA","descripcion":"BANCO DE LA PAMPA SOCIEDAD DE ECONOMIA MIXTA","telefono":"800-123-7125","otorgaTarjeta":true,"showOnCarousel":false},{"id":46,"nombre":"MACRO","imagen":"https://dummyimage.com/300x300/9675cd/522da8.png&text=MACRO","descripcion":"BANCO MACRO S.A.","telefono":"800-123-7015","otorgaTarjeta":false,"showOnCarousel":false},{"id":47,"nombre":"MARIVA","imagen":"https://dummyimage.com/300x300/9675cd/522da8.png&text=MARIVA","descripcion":"BANCO MARIVA S.A.","telefono":"800-123-9643","otorgaTarjeta":false,"showOnCarousel":false},{"id":48,"nombre":"MAS VENTAS","imagen":"https://dummyimage.com/300x300/9675cd/522da8.png&text=MAS VENTAS","descripcion":"MAS VENTAS S.A.","telefono":"800-123-1181","otorgaTarjeta":false,"showOnCarousel":false},{"id":49,"nombre":"MERCEDES-BENZ","imagen":"https://dummyimage.com/300x300/9675cd/522da8.png&text=MERCEDES-BENZ","descripcion":"MERCEDES-BENZ COMPAÑIA FINANCIERA ARGENTINA S.A.","telefono":"800-123-3034","otorgaTarjeta":false,"showOnCarousel":false},{"id":50,"nombre":"MERIDIAN","imagen":"https://dummyimage.com/300x300/9675cd/522da8.png&text=MERIDIAN","descripcion":"BANCO MERIDIAN S.A.","telefono":"800-123-9940","otorgaTarjeta":false,"showOnCarousel":false},{"id":51,"nombre":"MONTEMAR","imagen":"https://dummyimage.com/300x300/9675cd/522da8.png&text=MONTEMAR","descripcion":"MONTEMAR CIA. FINAN. S.A.","telefono":"800-123-6923","otorgaTarjeta":false,"showOnCarousel":false},{"id":52,"nombre":"MORGAN","imagen":"https://dummyimage.com/300x300/9675cd/522da8.png&text=MORGAN","descripcion":"JP MORGAN CHASE BANK NA (SUCURSAL BUENOS AIRES)","telefono":"800-123-4294","otorgaTarjeta":false,"showOnCarousel":false},{"id":53,"nombre":"NACION","imagen":"https://dummyimage.com/300x300/9675cd/522da8.png&text=NACIÓN","descripcion":"BANCO DE LA NACION ARGENTINA","telefono":"800-123-7044","otorgaTarjeta":true,"showOnCarousel":true},{"id":54,"nombre":"NEUQUEN","imagen":"https://dummyimage.com/300x300/9675cd/522da8.png&text=NEUQUEN","descripcion":"BANCO PROVINCIA DEL NEUQUEN S.A.","telefono":"800-123-2676","otorgaTarjeta":true,"showOnCarousel":false},{"id":55,"nombre":"PARIBAS","imagen":"https://dummyimage.com/300x300/9675cd/522da8.png&text=PARIBAS","descripcion":"BNP PARIBAS","telefono":"800-123-1423","otorgaTarjeta":true,"showOnCarousel":false},{"id":56,"nombre":"PATAGONIA","imagen":"https://dummyimage.com/300x300/9675cd/522da8.png&text=PATAGONIA","descripcion":"BANCO PATAGONIA S.A.","telefono":"800-123-5273","otorgaTarjeta":true,"showOnCarousel":true},{"id":57,"nombre":"PIANO","imagen":"https://dummyimage.com/300x300/9675cd/522da8.png&text=PIANO","descripcion":"BANCO PIANO S.A.","telefono":"800-123-8384","otorgaTarjeta":false,"showOnCarousel":false},{"id":58,"nombre":"PROVINCANJE","imagen":"https://dummyimage.com/300x300/9675cd/522da8.png&text=PROVINCANJE","descripcion":"PROVINCANJE SOCIEDAD ANONIMA","telefono":"800-123-6917","otorgaTarjeta":false,"showOnCarousel":false},{"id":59,"nombre":"PSA","imagen":"https://dummyimage.com/300x300/9675cd/522da8.png&text=PSA","descripcion":"PSA FINANCE ARGENTINA CIA. FINAN. S.A.","telefono":"800-123-2082","otorgaTarjeta":false,"showOnCarousel":false},{"id":60,"nombre":"RCI","imagen":"https://dummyimage.com/300x300/9675cd/522da8.png&text=RCI","descripcion":"RCI BANQUE S.A.","telefono":"800-123-3106","otorgaTarjeta":false,"showOnCarousel":false},{"id":61,"nombre":"RIOJA","imagen":"https://dummyimage.com/300x300/9675cd/522da8.png&text=RIOJA","descripcion":"BANCO RIOJA SOCIEDAD ANÓNIMA UNIPERSONAL","telefono":"800-123-7852","otorgaTarjeta":false,"showOnCarousel":false},{"id":62,"nombre":"ROELA","imagen":"https://dummyimage.com/300x300/9675cd/522da8.png&text=ROELA","descripcion":"BANCO ROELA S.A.","telefono":"800-123-8392","otorgaTarjeta":false,"showOnCarousel":false},{"id":63,"nombre":"ROMBO","imagen":"https://dummyimage.com/300x300/9675cd/522da8.png&text=ROMBO","descripcion":"ROMBO CIA. FINAN. S.A.","telefono":"800-123-2440","otorgaTarjeta":false,"showOnCarousel":false},{"id":64,"nombre":"ROSARIO","imagen":"https://dummyimage.com/300x300/9675cd/522da8.png&text=ROSARIO","descripcion":"BANCO MUNICIPAL DE ROSARIO","telefono":"800-123-8293","otorgaTarjeta":true,"showOnCarousel":false},{"id":65,"nombre":"SAENZ","imagen":"https://dummyimage.com/300x300/9675cd/522da8.png&text=SAENZ","descripcion":"BANCO SAENZ S.A.","telefono":"800-123-9459","otorgaTarjeta":false,"showOnCarousel":false},{"id":66,"nombre":"SAN JUAN","imagen":"https://dummyimage.com/300x300/9675cd/522da8.png&text=SAN JUAN","descripcion":"BANCO DE SAN JUAN S.A.","telefono":"800-123-6276","otorgaTarjeta":true,"showOnCarousel":false},{"id":67,"nombre":"SANTA CRUZ","imagen":"https://dummyimage.com/300x300/9675cd/522da8.png&text=SANTA CRUZ","descripcion":"BANCO DE SANTA CRUZ S.A.","telefono":"800-123-6400","otorgaTarjeta":true,"showOnCarousel":false},{"id":68,"nombre":"SANTA FE","imagen":"https://dummyimage.com/300x300/9675cd/522da8.png&text=SANTA FE","descripcion":"NUEVO BANCO DE SANTA FE S.A.","telefono":"800-123-5187","otorgaTarjeta":true,"showOnCarousel":true},{"id":69,"nombre":"SANTANDER","imagen":"https://dummyimage.com/300x300/9675cd/522da8.png&text=SANTANDER","descripcion":"BANCO SANTANDER RIO S.A.","telefono":"800-123-3200","otorgaTarjeta":true,"showOnCarousel":false},{"id":70,"nombre":"SANTIAGO DEL ESTERO","imagen":"https://dummyimage.com/300x300/9675cd/522da8.png&text=SANTIAGO DEL ESTERO","descripcion":"BANCO DE SANTIAGO DEL ESTERO S.A.","telefono":"800-123-4323","otorgaTarjeta":true,"showOnCarousel":false},{"id":71,"nombre":"SERVICIOS FINANCIEROS","imagen":"https://dummyimage.com/300x300/9675cd/522da8.png&text=SERVICIOS FINANCIEROS","descripcion":"BANCO DE SERVICIOS FINANCIEROS S.A.","telefono":"800-123-1034","otorgaTarjeta":false,"showOnCarousel":false},{"id":72,"nombre":"SERVICIOS Y TRANSACCIONES","imagen":"https://dummyimage.com/300x300/9675cd/522da8.png&text=SERVICIOS Y TRANSACCIONES","descripcion":"BANCO DE SERVICIOS Y TRANSACCIONES S.A.","telefono":"800-123-8640","otorgaTarjeta":false,"showOnCarousel":false},{"id":73,"nombre":"SUCREDITO","imagen":"https://dummyimage.com/300x300/9675cd/522da8.png&text=SUCREDITO","descripcion":"BANCO SUCREDITO S.A.","telefono":"800-123-4614","otorgaTarjeta":false,"showOnCarousel":false},{"id":74,"nombre":"SUPERVIELLE","imagen":"https://dummyimage.com/300x300/9675cd/522da8.png&text=SUPERVIELLE","descripcion":"BANCO SUPERVIELLE S.A.","telefono":"800-123-8552","otorgaTarjeta":true,"showOnCarousel":false},{"id":75,"nombre":"TIERRA DEL FUEGO","imagen":"https://dummyimage.com/300x300/9675cd/522da8.png&text=TIERRA DEL FUEGO","descripcion":"BANCO PROVINCIA DE TIERRA DEL FUEGO","telefono":"800-123-8160","otorgaTarjeta":true,"showOnCarousel":false},{"id":76,"nombre":"TOYOTA","imagen":"https://dummyimage.com/300x300/9675cd/522da8.png&text=TOYOTA","descripcion":"TOYOTA COMPAÑIA FINANCIERA DE ARGENTINA S.A.","telefono":"800-123-3798","otorgaTarjeta":false,"showOnCarousel":false},{"id":77,"nombre":"TRANSATLANTICA","imagen":"https://dummyimage.com/300x300/9675cd/522da8.png&text=TRANSATLANTICA","descripcion":"TRANSATLANTICA COMPAÑIA FINANCIERA S.A.","telefono":"800-123-6215","otorgaTarjeta":false,"showOnCarousel":false},{"id":78,"nombre":"URUGUAY","imagen":"https://dummyimage.com/300x300/9675cd/522da8.png&text=URUGUAY","descripcion":"BANCO DE LA REP. ORIENTAL DEL URUGUAY","telefono":"800-123-2733","otorgaTarjeta":false,"showOnCarousel":false},{"id":79,"nombre":"VALORES","imagen":"https://dummyimage.com/300x300/9675cd/522da8.png&text=VALORES","descripcion":"BANCO DE VALORES S.A.","telefono":"800-123-4061","otorgaTarjeta":false,"showOnCarousel":false},{"id":80,"nombre":"VOII","imagen":"https://dummyimage.com/300x300/9675cd/522da8.png&text=VOII","descripcion":"BANCO VOII S.A.","telefono":"800-123-8021","otorgaTarjeta":false,"showOnCarousel":false},{"id":81,"nombre":"VOLKSWAGEN","imagen":"https://dummyimage.com/300x300/9675cd/522da8.png&text=VOLKSWAGEN","descripcion":"VOLKSWAGEN FINANCIAL SERVICES COMPAÑIA FINANCIERA S.A.","telefono":"800-123-3887","otorgaTarjeta":false,"showOnCarousel":false},{"id":82,"nombre":"WILOBANK","imagen":"https://dummyimage.com/300x300/9675cd/522da8.png&text=WILOBANK","descripcion":"WILOBANK S.A.","telefono":"800-123-2677","otorgaTarjeta":true,"showOnCarousel":false}]