[{"id":0,"nombre":"Descubierto en CC$","imagen":"https://dummyimage.com/300x300/9675cd/522da8.png&text=Descubierto","descripcion":"Tasa de interés aplicable al descubierto de una cuenta corriente en pesos"},{"id":1,"nombre":"Saldo de Tarjeta VISA","imagen":"https://dummyimage.com/300x300/9675cd/522da8.png&text=InterésMaster","descripcion":"Tasa de interés aplicable al saldo impago del resumen de la tarjeta MasterCard"},{"id":2,"nombre":"Saldo de Tarjeta Mastercard","imagen":"https://dummyimage.com/300x300/9675cd/522da8.png&text=InterésVisa","descripcion":"Tasa de interés aplicable al saldo impago del resumen de la tarjeta Visa"},{"id":3,"nombre":"Saldo de Tarjeta AMEX","imagen":"https://dummyimage.com/300x300/9675cd/522da8.png&text=Crédito","descripcion":"Tasa de interés aplicable al momento de solicitar un crédito en pesos"},{"id":4,"nombre":"Crédito a sola firma","imagen":"https://dummyimage.com/300x300/9675cd/522da8.png&text=Crédito","descripcion":"Tasa de interés aplicable al momento de solicitar un crédito en pesos"},{"id":5,"nombre":"Crédito para compras de inmuebles","imagen":"https://dummyimage.com/300x300/9675cd/522da8.png&text=Inmuebles","descripcion":"Interés variable dependiente de la inflación"},{"id":6,"nombre":"Financiación de compra de vehículos","imagen":"https://dummyimage.com/300x300/9675cd/522da8.png&text=Descubierto","descripcion":"Tasa de interés aplicable al descubierto de una cuenta corriente en pesos"}]