[{"id":0,"nombre":"Diego","apellido":"Maradona","email":"eldiego@pelo.ta","contrasena":"fafafaYNoDeBootstrap","provincia":"Villa Fiorito","ciudad":"Buenos Aires","estadoCivil":0,"ingresosSueldo":0,"ingresosAutonomo":1000000,"ingresosNegro":100000000,"tipoDeIngresos":1,"casaPropia":false,"vehiculo":true},{"id":11111111,"nombre":"Homero","apellido":"Simpson","email":"homero@thesimpsons.com","contrasena":"marge","provincia":"Pensilvania","ciudad":"Springfield","estadoCivil":1,"ingresosSueldo":98000,"ingresosAutonomo":0,"ingresosNegro":0,"tipoDeIngresos":1,"casaPropia":true,"vehiculo":true},{"id":22222222,"nombre":"Uriel","apellido":"Levcovich","email":"glevcovich@outlook.com","contrasena":"codehouse","provincia":"Santa Fe","ciudad":"Santa Fe","estadoCivil":1,"ingresosSueldo":60000,"ingresosAutonomo":0,"ingresosNegro":20000,"tipoDeIngresos":1,"casaPropia":true,"vehiculo":true},{"id":33333333,"nombre":"Bruce","apellido":"Waine","email":"iam@batman.org","contrasena":"iloverobin","provincia":"Massachusetts","ciudad":"Boston","estadoCivil":0,"ingresosSueldo":0,"ingresosAutonomo":25000000,"ingresosNegro":0,"tipoDeIngresos":1,"casaPropia":true,"vehiculo":true},{"id":44444444,"nombre":"Peter","apellido":"Parker","email":"peterparker@marvel.com","contrasena":"tiamai","provincia":"New York","ciudad":"New York","estadoCivil":0,"ingresosSueldo":0,"ingresosAutonomo":20000,"ingresosNegro":0,"tipoDeIngresos":3,"casaPropia":false,"vehiculo":false},{"id":55555555,"nombre":"Isidoro","apellido":"Cañones","email":"isidorito@hotmail.com","contrasena":"isidorito","provincia":"CABA","ciudad":"CABA","estadoCivil":0,"ingresosSueldo":0,"ingresosAutonomo":0,"ingresosNegro":2000000,"tipoDeIngresos":1,"casaPropia":false,"vehiculo":true},{"id":66666666,"nombre":"Patoruzú","apellido":"Patoruzú","email":"patoruzu@argentina.net","contrasena":"lachacha","provincia":"La Pampa","ciudad":"Santa Rosa","estadoCivil":0,"ingresosSueldo":0,"ingresosAutonomo":35000000,"ingresosNegro":0,"tipoDeIngresos":1,"casaPropia":true,"vehiculo":false},{"id":77777777,"nombre":"Clark","apellido":"Kent","email":"ckent@theglobe.com","contrasena":"louise","provincia":"New York","ciudad":"New York","estadoCivil":0,"ingresosSueldo":80000,"ingresosAutonomo":0,"ingresosNegro":0,"tipoDeIngresos":1,"casaPropia":true,"vehiculo":false},{"id":88888888,"nombre":"El papá de","apellido":"Mafalda","email":"argentinopromedio@ningunlado.com","contrasena":"mafalda","provincia":"CABA","ciudad":"CABA","estadoCivil":1,"ingresosSueldo":70000,"ingresosAutonomo":0,"ingresosNegro":0,"tipoDeIngresos":1,"casaPropia":true,"vehiculo":true},{"id":99999999,"nombre":"Emilio","apellido":"Ravenna","email":"peretti@lossimuladores.com","contrasena":"MáximoCozzetti","provincia":"CABA","ciudad":"CABA","estadoCivil":1,"ingresosSueldo":0,"ingresosAutonomo":0,"ingresosNegro":200000,"tipoDeIngresos":1,"casaPropia":true,"vehiculo":true}]